Symbol,Interval,Strategy,EntryType,ExitType,EntryDate,ExitDate,Profit,EntryPrice,ExitPrice
AMBUJACEM,1wk,MacdNewLong,BUY,CLOSED,1580063400,1580668200,-9.54,215.95,195.35
DEEPAKNTR,1wk,MacdNewLong,BUY,CLOSED,1580063400,1580668200,-5.88,399.5,376.0
DIXON,1wk,MacdNewLong,BUY,CLOSED,1580063400,1584297000,-7.13,844.14,783.97
ICICIPRULI,1wk,MacdNewLong,BUY,CLOSED,1580063400,1580668200,-13.19,519.95,451.35
JKCEMENT,1wk,MacdNewLong,BUY,CLOSED,1580063400,1584901800,-28.45,1375.55,984.15
LT,1wk,MacdNewLong,BUY,CLOSED,1580063400,1580668200,-5.28,1359.2,1287.4
AARTIIND,1wk,MacdNewLong,BUY,CLOSED,1580668200,1585506600,-20.68,482.8,382.95
ASTRAL,1wk,MacdNewLong,BUY,CLOSED,1580668200,1584901800,-19.11,648.17,524.28
BAJAJ-AUTO,1wk,MacdNewLong,BUY,CLOSED,1580668200,1583087400,-8.06,3143.3,2890.0
SYNGENE,1wk,MacdNewLong,BUY,CLOSED,1580668200,1582482600,-2.25,314.0,306.95
ABBOTINDIA,1wk,MacdNewLong,BUY,CLOSED,1581273000,1586716200,26.81,14103.15,17884.6
ASIANPAINT,1wk,MacdNewLong,BUY,CLOSED,1581273000,1585506600,-13.7,1858.7,1604.15
BAJAJFINSV,1wk,MacdNewLong,BUY,CLOSED,1581273000,1583692200,-10.6,962.33,860.32
LTF,1wk,MacdNewLong,BUY,CLOSED,1581273000,1583087400,-24.03,122.36,92.96
POLYCAB,1wk,MacdNewLong,BUY,CLOSED,1581273000,1584297000,-12.19,1058.25,929.3
RECLTD,1wk,MacdNewLong,BUY,CLOSED,1581273000,1583087400,-24.03,116.29,88.35
SHREECEM,1wk,MacdNewLong,BUY,CLOSED,1581273000,1584297000,-14.49,24918.15,21308.2
ULTRACEMCO,1wk,MacdNewLong,BUY,CLOSED,1581273000,1582482600,-0.98,4471.8,4428.1
BPCL,1wk,MacdNewLong,BUY,CLOSED,1581877800,1583087400,-10.52,238.23,213.18
DEEPAKNTR,1wk,MacdNewLong,BUY,CLOSED,1581877800,1595788200,28.92,459.85,592.85
IEX,1wk,MacdNewLong,BUY,CLOSED,1581877800,1584297000,-23.94,63.28,48.13
SHRIRAMFIN,1wk,MacdNewLong,BUY,CLOSED,1581877800,1584297000,-35.79,250.68,160.96
PFC,1wk,MacdNewLong,BUY,CLOSED,1582482600,1583087400,-17.24,105.8,87.56
MFSL,1wk,MacdNewLong,BUY,CLOSED,1583087400,1584297000,-25.53,577.3,429.9
AARTIIND,1wk,MacdNewLong,BUY,CLOSED,1587321000,1607279400,27.75,471.98,602.97
CIPLA,1wk,MacdNewLong,BUY,CLOSED,1587321000,1597602600,29.06,598.0,771.8
ATUL,1wk,MacdNewLong,BUY,CLOSED,1587925800,1598812200,35.22,4599.6,6219.8
AUROPHARMA,1wk,MacdNewLong,BUY,CLOSED,1587925800,1592764200,25.46,624.45,783.45
DABUR,1wk,MacdNewLong,BUY,CLOSED,1587925800,1589135400,-10.47,499.05,446.8
LAURUSLABS,1wk,MacdNewLong,BUY,CLOSED,1587925800,1595183400,29.65,98.96,128.3
LUPIN,1wk,MacdNewLong,BUY,CLOSED,1587925800,1620585000,36.38,877.35,1196.55
COROMANDEL,1wk,MacdNewLong,BUY,CLOSED,1588530600,1593369000,27.45,594.25,757.35
IGL,1wk,MacdNewLong,BUY,CLOSED,1588530600,1595183400,-13.5,476.65,412.3
MUTHOOTFIN,1wk,MacdNewLong,BUY,CLOSED,1588530600,1592764200,36.78,862.7,1180.0
PIDILITIND,1wk,MacdNewLong,BUY,CLOSED,1588530600,1589135400,-10.39,1527.0,1368.35
SUNPHARMA,1wk,MacdNewLong,BUY,CLOSED,1588530600,1609093800,27.13,464.45,590.45
PIIND,1wk,MacdNewLong,BUY,CLOSED,1589135400,1596997800,27.04,1532.1,1946.4
DIXON,1wk,MacdNewLong,BUY,CLOSED,1589740200,1592764200,29.07,881.27,1137.45
SYNGENE,1wk,MacdNewLong,BUY,CLOSED,1589740200,1593973800,29.32,338.2,437.35
BRITANNIA,1wk,MacdNewLong,BUY,CLOSED,1590345000,1613327400,8.02,3167.1,3421.25
GLENMARK,1wk,MacdNewLong,BUY,CLOSED,1590345000,1593369000,32.59,352.0,466.7
TATACOMM,1wk,MacdNewLong,BUY,CLOSED,1590345000,1594578600,27.28,498.35,634.3
TATACONSUM,1wk,MacdNewLong,BUY,CLOSED,1590949800,1596997800,41.35,366.9,518.6
RELIANCE,1wk,MacdNewLong,BUY,CLOSED,1591554600,1595788200,35.69,729.95,990.45
TATAPOWER,1wk,SuperTrendLong,BUY,CLOSED,1591554600,1592159400,-5.01,43.9,41.7
BALKRISIND,1wk,MacdNewLong,BUY,CLOSED,1592159400,1601836200,27.33,1149.0,1463.05
BSOFT,1wk,MacdNewLong,BUY,CLOSED,1592159400,1595183400,34.99,80.45,108.6
HEROMOTOCO,1wk,MacdNewLong,BUY,CLOSED,1592159400,1598207400,26.3,2401.85,3033.45
MARICO,1wk,MacdNewLong,BUY,CLOSED,1592159400,1610303400,27.61,332.8,424.7
NAUKRI,1wk,MacdNewLong,BUY,CLOSED,1592159400,1601836200,27.96,2820.5,3609.15
SRF,1wk,MacdNewLong,BUY,CLOSED,1592159400,1604860200,34.86,736.6,993.38
TATACHEM,1wk,MacdNewLong,BUY,CLOSED,1592159400,1606674600,25.77,311.75,392.1
GUJGASLTD,1wk,MacdNewLong,BUY,CLOSED,1592764200,1609093800,28.42,292.55,375.7
IEX,1wk,MacdNewLong,BUY,CLOSED,1592764200,1612117800,30.08,63.1,82.08
LTIM,1wk,MacdNewLong,BUY,CLOSED,1592764200,1596393000,29.25,1869.85,2416.8
HCLTECH,1wk,MacdNewLong,BUY,CLOSED,1593369000,1596393000,25.39,562.4,705.2
JKCEMENT,1wk,MacdNewLong,BUY,CLOSED,1593369000,1603045800,27.96,1371.95,1755.6
JUBLFOOD,1wk,MacdNewLong,BUY,CLOSED,1593369000,1599417000,26.93,353.97,449.28
MFSL,1wk,MacdNewLong,BUY,CLOSED,1593369000,1606674600,25.82,515.55,648.65
MGL,1wk,MacdNewLong,BUY,CLOSED,1593369000,1599417000,-15.29,1077.15,912.4
MPHASIS,1wk,MacdNewLong,BUY,CLOSED,1593369000,1595788200,25.09,892.95,1117.0
PETRONET,1wk,MacdNewLong,BUY,CLOSED,1593369000,1600021800,-10.94,265.15,236.15
TRENT,1wk,SuperTrendLong,BUY,CLOSED,1593369000,1593973800,-9.88,687.4,619.5
VEDL,1wk,SuperTrendLong,BUY,CLOSED,1593369000,1596997800,11.69,109.95,122.8
GODREJCP,1wk,MacdNewLong,BUY,CLOSED,1593973800,1623609000,25.41,717.3,899.55
HAL,1wk,MacdNewLong,BUY,CLOSED,1593973800,1597602600,51.76,426.2,646.8
INFY,1wk,MacdNewLong,BUY,CLOSED,1593973800,1596393000,26.66,762.7,966.0
M&M,1wk,MacdNewLong,BUY,CLOSED,1593973800,1606069800,34.89,530.5,715.6
OFSS,1wk,MacdNewLong,BUY,CLOSED,1593973800,1621189800,28.95,2864.95,3694.4
TCS,1wk,MacdNewLong,BUY,CLOSED,1593973800,1602441000,27.88,2199.65,2812.95
TRENT,1wk,MacdNewLong,BUY,CLOSED,1593973800,1613932200,28.17,619.5,794.0
BEL,1wk,MacdNewLong,BUY,CLOSED,1594578600,1609698600,26.78,33.23,42.13
BHEL,1wk,MacdNewLong,BUY,CLOSED,1594578600,1601231400,-27.17,41.4,30.15
JINDALSTEL,1wk,MacdNewLong,BUY,CLOSED,1594578600,1597602600,25.36,169.15,212.05
LALPATHLAB,1wk,MacdNewLong,BUY,CLOSED,1594578600,1603650600,28.87,1782.25,2296.7
MCX,1wk,MacdNewLong,BUY,CLOSED,1594578600,1596393000,27.31,1324.6,1686.4
SHREECEM,1wk,MacdNewLong,BUY,CLOSED,1594578600,1599417000,-10.18,22295.4,20025.3
BAJAJ-AUTO,1wk,MacdNewLong,BUY,CLOSED,1595183400,1611513000,36.54,2995.0,4089.5
CHAMBLFERT,1wk,MacdNewLong,BUY,CLOSED,1595183400,1606674600,33.24,153.0,203.85
COLPAL,1wk,MacdNewLong,BUY,CLOSED,1595183400,1627237800,25.88,1426.0,1795.05
EICHERMOT,1wk,MacdNewLong,BUY,CLOSED,1595183400,1605465000,35.06,1881.08,2540.55
HDFCLIFE,1wk,MacdNewLong,BUY,CLOSED,1595183400,1639938600,6.85,614.5,656.6
MANAPPURAM,1wk,MacdNewLong,BUY,CLOSED,1595183400,1617561000,-2.02,160.55,157.3
PEL,1wk,MacdNewLong,BUY,CLOSED,1595183400,1613327400,25.54,800.59,1005.1
PERSISTENT,1wk,MacdNewLong,BUY,CLOSED,1595183400,1596997800,32.75,376.75,500.12
WIPRO,1wk,MacdNewLong,BUY,CLOSED,1595183400,1602441000,43.1,130.68,187.0
ALKEM,1wk,MacdNewLong,BUY,CLOSED,1595788200,1616956200,6.45,2489.5,2650.05
AMBUJACEM,1wk,MacdNewLong,BUY,CLOSED,1595788200,1604255400,29.24,200.95,259.7
COFORGE,1wk,MacdNewLong,BUY,CLOSED,1595788200,1600626600,29.03,1700.1,2193.7
CROMPTON,1wk,MacdNewLong,BUY,CLOSED,1595788200,1607279400,32.88,250.45,332.8
GMRINFRA,1wk,MacdNewLong,BUY,CLOSED,1595788200,1619375400,2.43,20.14,20.63
ICICIGI,1wk,MacdNewLong,BUY,CLOSED,1595788200,1603045800,-4.52,1297.55,1238.95
SBICARD,1wk,MacdNewLong,BUY,CLOSED,1595788200,1610303400,30.28,740.8,965.15
ACC,1wk,MacdNewLong,BUY,CLOSED,1596393000,1615141800,27.99,1425.45,1824.45
APOLLOHOSP,1wk,MacdNewLong,BUY,CLOSED,1596393000,1602441000,35.98,1674.6,2277.1
BERGEPAINT,1wk,MacdNewLong,BUY,CLOSED,1596393000,1607279400,27.48,438.75,559.33
BOSCHLTD,1wk,MacdNewLong,BUY,CLOSED,1596393000,1604860200,-9.3,13078.65,11862.75
BPCL,1wk,MacdNewLong,BUY,CLOSED,1596393000,1601836200,-14.62,206.9,176.65
DABUR,1wk,MacdNewLong,BUY,CLOSED,1596393000,1632076200,27.34,513.55,653.95
DALBHARAT,1wk,MacdNewLong,BUY,CLOSED,1596393000,1605465000,25.49,760.65,954.55
GNFC,1wk,MacdNewLong,BUY,CLOSED,1596393000,1598812200,33.21,164.25,218.8
GODREJPROP,1wk,MacdNewLong,BUY,CLOSED,1596393000,1606674600,25.78,926.6,1165.45
HINDCOPPER,1wk,MacdNewLong,BUY,CLOSED,1596393000,1604255400,-7.05,35.45,32.95
ICICIPRULI,1wk,MacdNewLong,BUY,CLOSED,1596393000,1603650600,-9.63,452.25,408.7
INDIAMART,1wk,MacdNewLong,BUY,CLOSED,1596393000,1599417000,44.71,1414.15,2046.4
SBILIFE,1wk,MacdNewLong,BUY,CLOSED,1596393000,1602441000,-11.72,912.85,805.9
TATAPOWER,1wk,MacdNewLong,BUY,CLOSED,1596393000,1598207400,27.21,48.7,61.95
HAVELLS,1wk,MacdNewLong,BUY,CLOSED,1596997800,1604860200,34.3,609.55,818.65
HINDALCO,1wk,MacdNewLong,BUY,CLOSED,1596997800,1606674600,27.45,177.6,226.35
LTTS,1wk,MacdNewLong,BUY,CLOSED,1596997800,1608489000,38.34,1592.95,2203.65
METROPOLIS,1wk,MacdNewLong,BUY,CLOSED,1596997800,1606069800,29.02,1656.1,2136.65
Nifty 50,1wk,MacdNewLong,BUY,CLOSED,1596997800,1609698600,25.01,11214.05,14018.5
TATASTEEL,1wk,SuperTrendLong,BUY,CLOSED,1596997800,1601231400,-12.85,40.4,35.21
TVSMOTOR,1wk,SuperTrendLong,BUY,CLOSED,1596997800,1598207400,7.54,421.5,453.3
ASIANPAINT,1wk,MacdNewLong,BUY,CLOSED,1597602600,1607279400,35.29,1802.55,2438.75
BHARATFORG,1wk,MacdNewLong,BUY,CLOSED,1597602600,1611513000,27.16,494.95,629.4
CANFINHOME,1wk,MacdNewLong,BUY,CLOSED,1597602600,1603045800,25.56,373.0,468.35
JSWSTEEL,1wk,MacdNewLong,BUY,CLOSED,1597602600,1605465000,28.87,265.35,341.95
MARUTI,1wk,MacdNewLong,BUY,CLOSED,1597602600,1618165800,3.63,6588.2,6827.1
TATASTEEL,1wk,MacdNewLong,BUY,CLOSED,1597602600,1606069800,27.34,41.85,53.29
TECHM,1wk,SuperTrendLong,BUY,CLOSED,1597602600,1598812200,8.11,695.9,752.35
TVSMOTOR,1wk,MacdNewLong,BUY,CLOSED,1597602600,1612117800,34.11,418.1,560.7
VOLTAS,1wk,SuperTrendLong,BUY,CLOSED,1597602600,1598207400,7.12,615.45,659.3
ADANIENT,1wk,MacdNewLong,BUY,CLOSED,1598207400,1600021800,26.85,233.35,296.0
ADANIPORTS,1wk,MacdNewLong,BUY,CLOSED,1598207400,1607279400,28.04,354.35,453.7
ASTRAL,1wk,MacdNewLong,BUY,CLOSED,1598207400,1609093800,28.06,696.83,892.35
MOTHERSON,1wk,MacdNewLong,BUY,CLOSED,1598207400,1606674600,25.95,48.17,60.67
POWERGRID,1wk,MacdNewLong,BUY,CLOSED,1598207400,1601231400,-14.99,106.37,90.42
RAMCOCEM,1wk,MacdNewLong,BUY,CLOSED,1598207400,1613327400,31.02,730.25,956.8
SAIL,1wk,MacdNewLong,BUY,CLOSED,1598207400,1603045800,-20.26,42.45,33.85
SUNTV,1wk,MacdNewLong,BUY,CLOSED,1598207400,1632076200,3.92,474.55,493.15
TECHM,1wk,MacdNewLong,BUY,CLOSED,1598207400,1607279400,26.0,732.6,923.1
TITAN,1wk,MacdNewLong,BUY,CLOSED,1598207400,1607279400,26.28,1138.1,1437.15
ULTRACEMCO,1wk,MacdNewLong,BUY,CLOSED,1598207400,1609698600,26.34,4187.8,5290.8
UPL,1wk,MacdNewLong,BUY,CLOSED,1598207400,1605465000,-13.0,493.4,429.25
VEDL,1wk,MacdNewLong,BUY,CLOSED,1598207400,1603045800,-27.39,130.7,94.9
VOLTAS,1wk,MacdNewLong,BUY,CLOSED,1598207400,1608489000,25.71,659.3,828.8
AUBANK,1wk,MacdNewLong,BUY,CLOSED,1598812200,1612722600,33.28,368.35,490.95
BAJFINANCE,1wk,MacdNewLong,BUY,CLOSED,1598812200,1606069800,28.47,3670.8,4715.85
BALRAMCHIN,1wk,MacdNewLong,BUY,CLOSED,1598812200,1615141800,29.67,155.4,201.5
EXIDEIND,1wk,MacdNewLong,BUY,CLOSED,1598812200,1600021800,-9.69,172.35,155.65
GRASIM,1wk,MacdNewLong,BUY,CLOSED,1598812200,1607279400,32.85,698.37,927.81
NMDC,1wk,MacdNewLong,BUY,CLOSED,1598812200,1600626600,-19.14,27.54,22.27
ASHOKLEY,1wk,MacdNewLong,BUY,CLOSED,1599417000,1605465000,30.8,69.8,91.3
HDFCBANK,1wk,MacdNewLong,BUY,CLOSED,1599417000,1606069800,25.4,1119.3,1403.65
NATIONALUM,1wk,MacdNewLong,BUY,CLOSED,1599417000,1601231400,-12.4,36.3,31.8
POLYCAB,1wk,MacdNewLong,BUY,CLOSED,1599417000,1601836200,-5.26,865.65,820.15
TATAMOTORS,1wk,MacdNewLong,BUY,CLOSED,1599417000,1609698600,26.18,147.8,186.5
CHOLAFIN,1wk,MacdNewLong,BUY,CLOSED,1600021800,1604860200,35.26,224.45,303.6
CUMMINSIND,1wk,MacdNewLong,BUY,CLOSED,1600021800,1606674600,28.4,456.4,586.0
IDFCFIRSTB,1wk,MacdNewLong,BUY,CLOSED,1600021800,1610303400,43.0,31.05,44.4
INDIGO,1wk,MacdNewLong,BUY,CLOSED,1600021800,1606069800,29.76,1294.45,1679.7
PIDILITIND,1wk,MacdNewLong,BUY,CLOSED,1600021800,1618165800,28.98,1488.4,1919.8
APOLLOTYRE,1wk,MacdNewLong,BUY,CLOSED,1600626600,1605465000,25.98,130.7,164.65
EXIDEIND,1wk,MacdNewLong,BUY,CLOSED,1600626600,1604255400,-4.9,167.25,159.05
SIEMENS,1wk,MacdNewLong,BUY,CLOSED,1601836200,1609698600,26.98,1261.25,1601.55
PAGEIND,1wk,MacdNewLong,BUY,CLOSED,1602441000,1608489000,34.63,20960.05,28217.5
INDHOTEL,1wk,MacdNewLong,BUY,CLOSED,1603045800,1607279400,31.76,94.2,124.12
Nifty Financial Services,1wk,MacdNewLong,BUY,CLOSED,1603650600,1609698600,27.29,11947.4,15208.0
OBEROIRLTY,1wk,MacdNewLong,BUY,CLOSED,1603650600,1609698600,29.07,457.2,590.1
SAIL,1wk,MacdNewLong,BUY,CLOSED,1603650600,1604255400,-6.02,36.55,34.35
Nifty Bank,1wk,MacdNewLong,BUY,CLOSED,1604255400,1607279400,25.74,23900.9,30052.4
KOTAKBANK,1wk,MacdNewLong,BUY,CLOSED,1604255400,1608489000,25.98,1547.4,1949.35
POLYCAB,1wk,MacdNewLong,BUY,CLOSED,1604255400,1610303400,35.61,920.7,1248.6
ABCAPITAL,1wk,MacdNewLong,BUY,CLOSED,1604860200,1607279400,27.96,71.0,90.85
AXISBANK,1wk,MacdNewLong,BUY,CLOSED,1604860200,1612722600,32.83,541.75,719.6
EXIDEIND,1wk,MacdNewLong,BUY,CLOSED,1604860200,1613327400,28.71,164.2,211.35
ICICIBANK,1wk,MacdNewLong,BUY,CLOSED,1604860200,1612722600,38.7,442.8,614.15
MRF,1wk,MacdNewLong,BUY,CLOSED,1604860200,1610908200,27.78,68516.85,87551.75
NESTLEIND,1wk,MacdNewLong,BUY,CLOSED,1604860200,1615746600,-1.67,1700.67,1672.24
SAIL,1wk,MacdNewLong,BUY,CLOSED,1604860200,1606674600,27.67,37.95,48.45
CUB,1wk,MacdNewLong,BUY,CLOSED,1605465000,1626633000,-13.7,187.55,161.85
DLF,1wk,MacdNewLong,BUY,CLOSED,1605465000,1608489000,25.35,184.6,231.4
INDUSINDBK,1wk,MacdNewLong,BUY,CLOSED,1605465000,1610908200,25.37,770.45,965.9
LICHSGFIN,1wk,MacdNewLong,BUY,CLOSED,1605465000,1610303400,40.25,315.25,442.15
POWERGRID,1wk,MacdNewLong,BUY,CLOSED,1605465000,1623609000,31.01,105.75,138.54
SHREECEM,1wk,MacdNewLong,BUY,CLOSED,1605465000,1617561000,28.2,23363.25,29951.95
SHRIRAMFIN,1wk,MacdNewLong,BUY,CLOSED,1605465000,1610303400,48.54,174.46,259.14
ABB,1wk,MacdNewLong,BUY,CLOSED,1606069800,1612722600,33.98,1116.05,1495.3
ABFRL,1wk,MacdNewLong,BUY,CLOSED,1606069800,1615141800,35.93,159.6,216.95
BAJAJFINSV,1wk,MacdNewLong,BUY,CLOSED,1606069800,1619980200,29.25,854.26,1104.17
BANDHANBNK,1wk,MacdNewLong,BUY,CLOSED,1606069800,1619375400,-10.42,349.9,313.45
HINDCOPPER,1wk,MacdNewLong,BUY,CLOSED,1606069800,1608489000,72.8,36.95,63.85
ICICIGI,1wk,MacdNewLong,BUY,CLOSED,1606069800,1638729000,6.86,1356.3,1449.4
ICICIPRULI,1wk,MacdNewLong,BUY,CLOSED,1606069800,1618770600,-0.56,453.6,451.05
LT,1wk,MacdNewLong,BUY,CLOSED,1606069800,1612722600,33.93,1132.3,1516.5
M&MFIN,1wk,MacdNewLong,BUY,CLOSED,1606069800,1613327400,32.81,154.7,205.45
PFC,1wk,MacdNewLong,BUY,CLOSED,1606069800,1615746600,33.04,82.8,110.16
RBLBANK,1wk,MacdNewLong,BUY,CLOSED,1606069800,1610303400,25.26,211.6,265.05
SBIN,1wk,MacdNewLong,BUY,CLOSED,1606069800,1610908200,25.17,242.75,303.85
BATAINDIA,1wk,MacdNewLong,BUY,CLOSED,1606674600,1618165800,-11.55,1572.9,1391.2
IGL,1wk,MacdNewLong,BUY,CLOSED,1606674600,1635100200,-4.09,496.4,476.1
LTF,1wk,MacdNewLong,BUY,CLOSED,1606674600,1614537000,29.86,80.78,104.9
NATIONALUM,1wk,MacdNewLong,BUY,CLOSED,1606674600,1612722600,28.06,39.2,50.2
NMDC,1wk,MacdNewLong,BUY,CLOSED,1606674600,1610303400,30.16,24.7,32.15
RECLTD,1wk,MacdNewLong,BUY,CLOSED,1606674600,1623609000,32.89,91.09,121.05
BOSCHLTD,1wk,MacdNewLong,BUY,CLOSED,1607279400,1631471400,9.22,13119.65,14328.65
FEDERALBNK,1wk,MacdNewLong,BUY,CLOSED,1607279400,1612722600,26.06,66.0,83.2
GAIL,1wk,MacdNewLong,BUY,CLOSED,1607279400,1620585000,25.42,79.87,100.17
HAL,1wk,MacdNewLong,BUY,CLOSED,1607279400,1613932200,25.95,421.33,530.67
HINDUNILVR,1wk,MacdNewLong,BUY,CLOSED,1607279400,1630866600,26.67,2184.2,2766.7
INDUSTOWER,1wk,MacdNewLong,BUY,CLOSED,1607279400,1627237800,-7.1,237.35,220.5
PETRONET,1wk,MacdNewLong,BUY,CLOSED,1607279400,1616351400,-14.48,262.05,224.1
SBILIFE,1wk,MacdNewLong,BUY,CLOSED,1607279400,1627842600,27.3,863.0,1098.6
UBL,1wk,MacdNewLong,BUY,CLOSED,1607279400,1623609000,25.8,1091.65,1373.3
VEDL,1wk,MacdNewLong,BUY,CLOSED,1607279400,1609093800,26.29,128.95,162.85
BANKBARODA,1wk,MacdNewLong,BUY,CLOSED,1607884200,1612722600,26.05,65.45,82.5
HDFCAMC,1wk,MacdNewLong,BUY,CLOSED,1607884200,1635705000,-6.74,2838.6,2647.2
HINDPETRO,1wk,MacdNewLong,BUY,CLOSED,1607884200,1621794600,27.12,144.9,184.2
ITC,1wk,MacdNewLong,BUY,CLOSED,1607884200,1626028200,-6.91,216.3,201.35
MGL,1wk,MacdNewLong,BUY,CLOSED,1607884200,1633890600,0.83,1059.2,1067.95
NTPC,1wk,MacdNewLong,BUY,CLOSED,1607884200,1633285800,36.62,102.4,139.9
IOC,1wk,MacdNewLong,BUY,CLOSED,1608489000,1632076200,25.87,62.63,78.83
ONGC,1wk,MacdNewLong,BUY,CLOSED,1608489000,1623004200,26.72,99.0,125.45
BHEL,1wk,MacdNewLong,BUY,CLOSED,1609093800,1612722600,28.85,33.8,43.55
CANBK,1wk,MacdNewLong,BUY,CLOSED,1609093800,1612722600,33.21,24.15,32.17
BHARTIARTL,1wk,MacdNewLong,BUY,CLOSED,1610303400,1631471400,27.01,530.29,673.5
CONCOR,1wk,MacdNewLong,BUY,CLOSED,1610303400,1613932200,28.56,442.55,568.95
BPCL,1wk,MacdNewLong,BUY,CLOSED,1610908200,1635705000,0.75,207.3,208.85
COALINDIA,1wk,MacdNewLong,BUY,CLOSED,1610908200,1612117800,-12.11,143.25,125.9
PNB,1wk,MacdNewLong,BUY,CLOSED,1610908200,1631471400,4.45,35.95,37.55
UPL,1wk,MacdNewLong,BUY,CLOSED,1610908200,1617561000,25.08,522.55,653.6
COALINDIA,1wk,MacdNewLong,BUY,CLOSED,1612722600,1618770600,-9.23,140.85,127.85
BRITANNIA,1wk,MacdNewLong,BUY,CLOSED,1618165800,1620585000,-8.86,3797.7,3461.25
NESTLEIND,1wk,MacdNewLong,BUY,CLOSED,1618770600,1619375400,-3.63,1725.21,1662.57
DRREDDY,1wk,MacdNewLong,BUY,CLOSED,1619375400,1629657000,-10.08,1013.34,911.2
ICICIPRULI,1wk,MacdNewLong,BUY,CLOSED,1619375400,1627237800,25.89,512.4,645.05
IPCALAB,1wk,MacdNewLong,BUY,CLOSED,1619375400,1638124200,-4.05,1050.68,1008.08
ALKEM,1wk,MacdNewLong,BUY,CLOSED,1620585000,1629052200,25.79,2907.45,3657.3
ABBOTINDIA,1wk,MacdNewLong,BUY,CLOSED,1621189800,1631471400,28.53,16110.0,20706.9
COALINDIA,1wk,MacdNewLong,BUY,CLOSED,1621189800,1633285800,28.54,146.8,188.7
COROMANDEL,1wk,MacdNewLong,BUY,CLOSED,1621794600,1636309800,-6.47,834.6,780.6
EXIDEIND,1wk,MacdNewLong,BUY,CLOSED,1621794600,1626028200,-2.73,187.15,182.05
GMRINFRA,1wk,MacdNewLong,BUY,CLOSED,1621794600,1632681000,37.51,23.78,32.7
INDHOTEL,1wk,MacdNewLong,BUY,CLOSED,1621794600,1632681000,37.28,126.3,173.38
NESTLEIND,1wk,MacdNewLong,BUY,CLOSED,1621794600,1644777000,1.82,1749.71,1781.52
TORNTPHARM,1wk,MacdNewLong,BUY,CLOSED,1621794600,1644777000,-4.69,1358.97,1295.3
RELIANCE,1wk,MacdNewLong,BUY,CLOSED,1622399400,1633890600,27.52,966.75,1232.78
BATAINDIA,1wk,MacdNewLong,BUY,CLOSED,1623004200,1633890600,25.97,1558.95,1963.85
BRITANNIA,1wk,MacdNewLong,BUY,CLOSED,1624818600,1626028200,-5.29,3670.05,3475.95
MARUTI,1wk,MacdNewLong,BUY,CLOSED,1624818600,1630261800,-13.39,7649.0,6624.85
MANAPPURAM,1wk,MacdNewLong,BUY,CLOSED,1625423400,1636914600,26.2,173.1,218.45
GRANULES,1wk,MacdNewLong,BUY,CLOSED,1626028200,1632681000,-12.35,367.15,321.8
ITC,1wk,MacdNewLong,BUY,CLOSED,1626633000,1649615400,28.81,207.9,267.8
MCX,1wk,MacdNewLong,BUY,CLOSED,1626633000,1629657000,-13.02,1717.5,1493.85
BRITANNIA,1wk,MacdNewLong,BUY,CLOSED,1629657000,1638729000,-8.78,3895.95,3553.75
ESCORTS,1wk,MacdNewLong,BUY,CLOSED,1630261800,1637519400,33.79,1347.5,1802.85
KOTAKBANK,1wk,MacdNewLong,BUY,CLOSED,1631471400,1645381800,0.48,1817.85,1826.55
MCX,1wk,MacdNewLong,BUY,CLOSED,1631471400,1642357800,-2.18,1661.5,1625.3
BOSCHLTD,1wk,MacdNewLong,BUY,CLOSED,1632076200,1646591400,-2.29,15076.0,14731.45
PNB,1wk,MacdNewLong,BUY,CLOSED,1632076200,1640543400,-7.3,39.75,36.85
INDUSTOWER,1wk,MacdNewLong,BUY,CLOSED,1632681000,1644172200,-19.66,317.65,255.2
M&MFIN,1wk,MacdNewLong,BUY,CLOSED,1632681000,1639938600,-17.5,181.95,150.1
M&M,1wk,MacdNewLong,BUY,CLOSED,1633285800,1646591400,-11.54,827.85,732.3
SUNTV,1wk,MacdNewLong,BUY,CLOSED,1633285800,1641753000,-2.78,520.95,506.45
LICHSGFIN,1wk,MacdNewLong,BUY,CLOSED,1633890600,1635705000,-8.0,442.25,406.85
MARUTI,1wk,MacdNewLong,BUY,CLOSED,1633890600,1652639400,-4.42,7430.0,7101.95
MRF,1wk,MacdNewLong,BUY,CLOSED,1633890600,1636309800,-8.67,85860.45,78412.5
TVSMOTOR,1wk,MacdNewLong,BUY,CLOSED,1635100200,1647801000,-1.31,619.8,611.7
CUB,1wk,MacdNewLong,BUY,CLOSED,1635705000,1638124200,-12.04,168.15,147.9
LICHSGFIN,1wk,MacdNewLong,BUY,CLOSED,1636914600,1637519400,-5.86,431.05,405.8
ABCAPITAL,1wk,MacdNewLong,BUY,CLOSED,1639333800,1646591400,-16.94,124.25,103.2
CIPLA,1wk,MacdNewLong,BUY,CLOSED,1641148200,1642962600,-8.12,944.1,867.45
SYNGENE,1wk,MacdNewLong,BUY,CLOSED,1641148200,1644172200,-8.44,619.9,567.55
APOLLOTYRE,1wk,MacdNewLong,BUY,CLOSED,1641753000,1645381800,-10.82,233.0,207.8
JINDALSTEL,1wk,MacdNewLong,BUY,CLOSED,1641753000,1648405800,30.26,406.6,529.65
MFSL,1wk,MacdNewLong,BUY,CLOSED,1641753000,1643567400,-11.66,1033.95,913.4
RAMCOCEM,1wk,MacdNewLong,BUY,CLOSED,1641753000,1642962600,-8.55,1028.35,940.4
AUBANK,1wk,MacdNewLong,BUY,CLOSED,1642357800,1657477800,-7.79,631.2,582.05
BHARATFORG,1wk,MacdNewLong,BUY,CLOSED,1642357800,1645381800,-11.13,781.1,694.15
EICHERMOT,1wk,MacdNewLong,BUY,CLOSED,1642357800,1646591400,-17.04,2819.7,2339.25
HINDCOPPER,1wk,MacdNewLong,BUY,CLOSED,1642357800,1645986600,-16.9,136.65,113.55
PNB,1wk,MacdNewLong,BUY,CLOSED,1643567400,1645381800,-7.59,40.85,37.75
AXISBANK,1wk,MacdNewLong,BUY,CLOSED,1644172200,1652639400,-20.36,798.55,635.95
CIPLA,1wk,MacdNewLong,BUY,CLOSED,1644172200,1657477800,-1.13,946.1,935.45
BANDHANBNK,1wk,MacdNewLong,BUY,CLOSED,1644777000,1646591400,-14.05,317.85,273.2
BIOCON,1wk,MacdNewLong,BUY,CLOSED,1644777000,1647196200,-17.61,402.9,331.95
GAIL,1wk,MacdNewLong,BUY,CLOSED,1647196200,1656268200,-13.09,101.6,88.3
NMDC,1wk,MacdNewLong,BUY,CLOSED,1647196200,1653849000,-20.57,40.3,32.01
TATASTEEL,1wk,MacdNewLong,BUY,CLOSED,1647196200,1653849000,-19.84,130.17,104.35
LAURUSLABS,1wk,MacdNewLong,BUY,CLOSED,1647801000,1655663400,-19.41,581.05,468.25
ADANIPORTS,1wk,MacdNewLong,BUY,CLOSED,1648405800,1655663400,-10.0,743.25,668.95
JSWSTEEL,1wk,MacdNewLong,BUY,CLOSED,1648405800,1653849000,-23.98,721.35,548.4
UPL,1wk,MacdNewLong,BUY,CLOSED,1648405800,1655663400,-16.71,798.55,665.15
BANDHANBNK,1wk,MacdNewLong,BUY,CLOSED,1649010600,1656873000,-17.31,320.3,264.85
GRASIM,1wk,MacdNewLong,BUY,CLOSED,1649010600,1652639400,-11.67,1663.34,1469.26
BAJAJ-AUTO,1wk,MacdNewLong,BUY,CLOSED,1649615400,1665945000,-6.29,3810.35,3570.5
Nifty Bank,1wk,MacdNewLong,BUY,CLOSED,1649615400,1651429800,-4.41,37752.05,36088.15
CONCOR,1wk,MacdNewLong,BUY,CLOSED,1649615400,1653244200,-18.47,703.3,573.4
COROMANDEL,1wk,MacdNewLong,BUY,CLOSED,1649615400,1659897000,25.93,833.2,1049.25
DEEPAKNTR,1wk,MacdNewLong,BUY,CLOSED,1649615400,1652034600,-14.11,2361.8,2028.6
DLF,1wk,MacdNewLong,BUY,CLOSED,1649615400,1652034600,-16.9,396.1,329.15
INDIGO,1wk,MacdNewLong,BUY,CLOSED,1649615400,1650220200,-5.05,2000.15,1899.2
SYNGENE,1wk,MacdNewLong,BUY,CLOSED,1649615400,1652639400,-18.77,648.35,526.65
TATACONSUM,1wk,MacdNewLong,BUY,CLOSED,1649615400,1654453800,-7.8,817.7,753.9
TVSMOTOR,1wk,MacdNewLong,BUY,CLOSED,1649615400,1656873000,31.69,653.4,860.45
M&MFIN,1wk,MacdNewLong,BUY,CLOSED,1650220200,1670178600,25.86,181.95,229.0
COLPAL,1wk,MacdNewLong,BUY,CLOSED,1650825000,1673202600,-5.35,1602.35,1516.7
LTF,1wk,MacdNewLong,BUY,CLOSED,1650825000,1653244200,-13.82,88.65,76.4
M&M,1wk,MacdNewLong,BUY,CLOSED,1650825000,1658082600,27.36,920.65,1172.5
ABCAPITAL,1wk,MacdNewLong,BUY,CLOSED,1651429800,1652034600,-11.71,120.85,106.7
ASIANPAINT,1wk,MacdNewLong,BUY,CLOSED,1651429800,1652034600,-6.83,3237.2,3016.25
MARICO,1wk,MacdNewLong,BUY,CLOSED,1651429800,1652034600,-3.46,521.7,503.65
UBL,1wk,MacdNewLong,BUY,CLOSED,1651429800,1652034600,-6.57,1585.9,1481.65
ACC,1wk,MacdNewLong,BUY,CLOSED,1652034600,1652639400,-5.89,2245.45,2113.3
MARICO,1wk,MacdNewLong,BUY,CLOSED,1653244200,1655058600,-6.81,528.55,492.55
ASHOKLEY,1wk,MacdNewLong,BUY,CLOSED,1653849000,1679250600,-0.57,140.3,139.5
AMBUJACEM,1wk,MacdNewLong,BUY,CLOSED,1654453800,1663525800,40.83,366.9,516.7
EICHERMOT,1wk,MacdNewLong,BUY,CLOSED,1654453800,1661106600,27.52,2685.25,3424.1
MARUTI,1wk,MacdNewLong,BUY,CLOSED,1654453800,1673807400,9.71,7705.05,8453.4
HEROMOTOCO,1wk,MacdNewLong,BUY,CLOSED,1656268200,1666549800,-6.89,2759.95,2569.85
ABBOTINDIA,1wk,MacdNewLong,BUY,CLOSED,1656873000,1690741800,25.97,19100.4,24059.95
BALKRISIND,1wk,MacdNewLong,BUY,CLOSED,1657477800,1662316200,-12.91,2289.15,1993.6
BRITANNIA,1wk,MacdNewLong,BUY,CLOSED,1657477800,1686508200,27.82,3816.95,4878.75
HINDUNILVR,1wk,MacdNewLong,BUY,CLOSED,1657477800,1678645800,-1.26,2496.85,2465.45
MRF,1wk,MacdNewLong,BUY,CLOSED,1657477800,1681065000,10.47,76044.95,84005.55
PETRONET,1wk,MacdNewLong,BUY,CLOSED,1657477800,1663525800,-6.79,225.35,210.05
TRENT,1wk,MacdNewLong,BUY,CLOSED,1657477800,1667759400,25.06,1204.25,1506.0
CIPLA,1wk,MacdNewLong,BUY,CLOSED,1658082600,1676831400,6.18,966.05,1025.75
CONCOR,1wk,MacdNewLong,BUY,CLOSED,1658082600,1675621800,-10.38,684.1,613.1
FEDERALBNK,1wk,MacdNewLong,BUY,CLOSED,1658082600,1665945000,32.0,98.75,130.35
SHRIRAMFIN,1wk,MacdNewLong,BUY,CLOSED,1658082600,1665945000,-9.95,262.93,236.78
TORNTPHARM,1wk,MacdNewLong,BUY,CLOSED,1658082600,1676831400,-1.86,1518.0,1489.75
UBL,1wk,MacdNewLong,BUY,CLOSED,1658082600,1675621800,-4.19,1653.1,1583.8
BOSCHLTD,1wk,MacdNewLong,BUY,CLOSED,1658687400,1701023400,25.01,16828.3,21036.25
CUB,1wk,MacdNewLong,BUY,CLOSED,1658687400,1675621800,-3.87,164.05,157.7
ICICIBANK,1wk,MacdNewLong,BUY,CLOSED,1658687400,1679250600,4.52,800.05,836.25
PIIND,1wk,MacdNewLong,BUY,CLOSED,1658687400,1678645800,3.76,2995.05,3107.75
SBILIFE,1wk,MacdNewLong,BUY,CLOSED,1658687400,1676831400,-1.31,1164.95,1149.7
SBIN,1wk,MacdNewLong,BUY,CLOSED,1658687400,1679250600,3.13,513.7,529.8
TATACONSUM,1wk,MacdNewLong,BUY,CLOSED,1658687400,1673807400,-6.36,804.05,752.9
TATAPOWER,1wk,MacdNewLong,BUY,CLOSED,1658687400,1659292200,-3.88,230.85,221.9
GODREJCP,1wk,MacdNewLong,BUY,CLOSED,1659292200,1668364200,-4.07,853.75,819.0
NAVINFLUOR,1wk,MacdNewLong,BUY,CLOSED,1659292200,1673202600,-11.87,4383.35,3862.9
NESTLEIND,1wk,MacdNewLong,BUY,CLOSED,1659292200,1677436200,-3.5,1935.91,1868.09
TATAMOTORS,1wk,MacdNewLong,BUY,CLOSED,1659292200,1664735400,-10.01,449.6,404.6
ACC,1wk,MacdNewLong,BUY,CLOSED,1659897000,1675017000,-16.63,2254.8,1879.75
ADANIPORTS,1wk,MacdNewLong,BUY,CLOSED,1659897000,1675017000,-26.33,810.25,596.95
APOLLOTYRE,1wk,MacdNewLong,BUY,CLOSED,1659897000,1667154600,25.74,230.0,289.2
ASIANPAINT,1wk,MacdNewLong,BUY,CLOSED,1659897000,1669573800,-10.53,3473.9,3108.15
Nifty Bank,1wk,MacdNewLong,BUY,CLOSED,1659897000,1702837800,26.96,37920.6,48143.55
CANBK,1wk,MacdNewLong,BUY,CLOSED,1659897000,1667154600,30.1,44.25,57.57
DABUR,1wk,MacdNewLong,BUY,CLOSED,1659897000,1675621800,-7.85,579.15,533.7
HAVELLS,1wk,MacdNewLong,BUY,CLOSED,1659897000,1668364200,-4.11,1289.4,1236.45
MARICO,1wk,MacdNewLong,BUY,CLOSED,1659897000,1668969000,-6.47,519.7,486.1
PIDILITIND,1wk,MacdNewLong,BUY,CLOSED,1659897000,1674412200,-9.02,2640.85,2402.6
SBICARD,1wk,MacdNewLong,BUY,CLOSED,1659897000,1667759400,-13.29,935.6,811.3
SRF,1wk,MacdNewLong,BUY,CLOSED,1659897000,1670178600,-4.0,2498.55,2398.6
TATAPOWER,1wk,MacdNewLong,BUY,CLOSED,1659897000,1665945000,-6.98,232.1,215.9
ULTRACEMCO,1wk,SuperTrendLong,BUY,CLOSED,1659897000,1664130600,-9.38,6775.2,6139.95
ABFRL,1wk,MacdNewLong,BUY,CLOSED,1660501800,1673807400,-7.35,289.9,268.6
BAJFINANCE,1wk,MacdNewLong,BUY,CLOSED,1660501800,1671388200,-9.75,7309.4,6596.9
BATAINDIA,1wk,MacdNewLong,BUY,CLOSED,1660501800,1665340200,-6.65,1911.7,1784.65
BHARATFORG,1wk,MacdNewLong,BUY,CLOSED,1660501800,1681065000,-3.52,790.2,762.4
Nifty Financial Services,1wk,MacdNewLong,BUY,CLOSED,1660501800,1679855400,-2.39,18055.15,17623.4
ICICIPRULI,1wk,MacdNewLong,BUY,CLOSED,1660501800,1665945000,-8.13,558.8,513.35
INDIGO,1wk,MacdNewLong,BUY,CLOSED,1660501800,1665945000,-13.02,2014.15,1751.95
INDUSINDBK,1wk,MacdNewLong,BUY,CLOSED,1660501800,1679855400,-6.56,1080.45,1009.55
LT,1wk,MacdNewLong,BUY,CLOSED,1660501800,1682879400,28.05,1846.45,2364.4
Nifty 50,1wk,MacdNewLong,BUY,CLOSED,1660501800,1679250600,-3.38,17698.15,17100.05
OBEROIRLTY,1wk,MacdNewLong,BUY,CLOSED,1660501800,1671993000,-13.16,940.7,816.9
TATACHEM,1wk,MacdNewLong,BUY,CLOSED,1660501800,1672597800,-16.24,1118.9,937.15
TITAN,1wk,MacdNewLong,BUY,CLOSED,1660501800,1675017000,-5.69,2471.95,2331.25
AXISBANK,1wk,MacdNewLong,BUY,CLOSED,1661106600,1686508200,28.68,757.5,974.75
BHARTIARTL,1wk,MacdNewLong,BUY,CLOSED,1661106600,1679250600,3.41,732.3,757.25
DLF,1wk,MacdNewLong,BUY,CLOSED,1661106600,1675621800,-5.41,373.7,353.5
ESCORTS,1wk,MacdNewLong,BUY,CLOSED,1661106600,1669573800,28.95,1774.65,2288.35
GRANULES,1wk,MacdNewLong,BUY,CLOSED,1661106600,1675017000,-9.23,312.65,283.8
KOTAKBANK,1wk,MacdNewLong,BUY,CLOSED,1661106600,1673202600,-4.81,1877.0,1786.8
LICHSGFIN,1wk,MacdNewLong,BUY,CLOSED,1661106600,1676831400,-6.52,391.85,366.3
RECLTD,1wk,MacdNewLong,BUY,CLOSED,1661106600,1666549800,-10.72,104.9,93.65
AUBANK,1wk,MacdNewLong,BUY,CLOSED,1661711400,1665945000,-6.24,641.4,601.4
BAJAJFINSV,1wk,MacdNewLong,BUY,CLOSED,1661711400,1673807400,-14.58,1628.6,1391.15
CANFINHOME,1wk,MacdNewLong,BUY,CLOSED,1661711400,1665340200,-21.4,637.0,500.7
GRASIM,1wk,MacdNewLong,BUY,CLOSED,1661711400,1676831400,-1.93,1668.62,1636.44
HDFCBANK,1wk,MacdNewLong,BUY,CLOSED,1661711400,1693765800,7.48,1465.1,1574.7
IDFCFIRSTB,1wk,MacdNewLong,BUY,CLOSED,1661711400,1671388200,27.86,48.45,61.95
LAURUSLABS,1wk,MacdNewLong,BUY,CLOSED,1661711400,1664130600,-10.04,567.25,510.3
PFC,1wk,MacdNewLong,BUY,CLOSED,1661711400,1664130600,-8.55,96.4,88.16
SYNGENE,1wk,MacdNewLong,BUY,CLOSED,1661711400,1663525800,-5.67,600.05,566.05
ABCAPITAL,1wk,MacdNewLong,BUY,CLOSED,1662316200,1670178600,32.26,114.7,151.7
ASTRAL,1wk,MacdNewLong,BUY,CLOSED,1662316200,1671993000,-18.15,1735.84,1420.72
ATUL,1wk,MacdNewLong,BUY,CLOSED,1662316200,1666549800,-8.53,9221.45,8434.8
BHEL,1wk,MacdNewLong,BUY,CLOSED,1662316200,1667759400,28.25,59.3,76.05
CROMPTON,1wk,MacdNewLong,BUY,CLOSED,1662316200,1667154600,-10.56,395.25,353.5
EXIDEIND,1wk,MacdNewLong,BUY,CLOSED,1662316200,1684693800,28.36,159.4,204.6
IGL,1wk,MacdNewLong,BUY,CLOSED,1662316200,1697999400,-3.6,418.25,403.2
JSWSTEEL,1wk,MacdNewLong,BUY,CLOSED,1662316200,1679855400,-0.54,661.4,657.8
MGL,1wk,MacdNewLong,BUY,CLOSED,1662316200,1688927400,27.48,872.05,1111.65
POLYCAB,1wk,MacdNewLong,BUY,CLOSED,1662316200,1682274600,25.8,2473.45,3111.65
SUNTV,1wk,MacdNewLong,BUY,CLOSED,1662316200,1673807400,-7.27,518.65,480.95
GMRINFRA,1wk,MacdNewLong,BUY,CLOSED,1662921000,1665945000,-12.15,39.5,34.7
PNB,1wk,MacdNewLong,BUY,CLOSED,1662921000,1669573800,37.44,39.0,53.6
TATACOMM,1wk,MacdNewLong,BUY,CLOSED,1662921000,1687113000,30.32,1249.6,1628.45
ULTRACEMCO,1wk,MacdNewLong,BUY,CLOSED,1662921000,1664130600,-9.49,6783.65,6139.95
DALBHARAT,1wk,MacdNewLong,BUY,CLOSED,1663525800,1666549800,-9.4,1687.15,1528.6
DIXON,1wk,MacdNewLong,BUY,CLOSED,1663525800,1671993000,-16.39,4446.7,3718.05
HINDCOPPER,1wk,MacdNewLong,BUY,CLOSED,1663525800,1666549800,-10.96,117.2,104.35
JKCEMENT,1wk,MacdNewLong,BUY,CLOSED,1663525800,1701628200,29.23,2833.35,3661.5
JUBLFOOD,1wk,MacdNewLong,BUY,CLOSED,1663525800,1668969000,-12.05,626.55,551.05
LTF,1wk,MacdNewLong,BUY,CLOSED,1663525800,1685298600,25.77,81.5,102.5
APOLLOHOSP,1wk,MacdNewLong,BUY,CLOSED,1664130600,1679855400,-3.06,4418.45,4283.35
JINDALSTEL,1wk,MacdNewLong,BUY,CLOSED,1664735400,1670178600,31.7,428.6,564.45
DEEPAKNTR,1wk,MacdNewLong,BUY,CLOSED,1665340200,1672597800,-9.98,2205.35,1985.3
IRCTC,1wk,MacdNewLong,BUY,CLOSED,1665340200,1671993000,-17.41,735.25,607.25
ZYDUSLIFE,1wk,SuperTrendLong,BUY,CLOSED,1665340200,1676226600,12.2,422.0,473.5
ZYDUSLIFE,1wk,MacdNewLong,BUY,CLOSED,1665945000,1682274600,25.96,411.85,518.75
RBLBANK,1wk,MacdNewLong,BUY,CLOSED,1666549800,1672597800,34.63,133.25,179.4
DRREDDY,1wk,MacdNewLong,BUY,CLOSED,1667154600,1690741800,25.18,891.99,1116.6
POWERGRID,1wk,MacdNewLong,BUY,CLOSED,1667154600,1671993000,-6.85,170.1,158.44
RECLTD,1wk,MacdNewLong,BUY,CLOSED,1667154600,1682879400,32.35,99.85,132.15
SYNGENE,1wk,MacdNewLong,BUY,CLOSED,1667154600,1676226600,-7.62,613.2,566.5
DALBHARAT,1wk,MacdNewLong,BUY,CLOSED,1667759400,1687113000,29.4,1742.5,2254.85
GMRINFRA,1wk,MacdNewLong,BUY,CLOSED,1667759400,1690741800,32.59,38.05,50.45
MCX,1wk,MacdNewLong,BUY,CLOSED,1667759400,1683484200,-7.9,1498.35,1380.0
NMDC,1wk,MacdNewLong,BUY,CLOSED,1667759400,1682879400,-2.85,37.23,36.17
ULTRACEMCO,1wk,MacdNewLong,BUY,CLOSED,1667759400,1694975400,26.63,6893.05,8728.35
HINDCOPPER,1wk,MacdNewLong,BUY,CLOSED,1668364200,1677436200,-12.01,113.65,100.0
RELIANCE,1wk,MacdNewLong,BUY,CLOSED,1668364200,1674412200,-7.19,1214.58,1127.28
HCLTECH,1wk,MacdNewLong,BUY,CLOSED,1668969000,1702837800,35.19,1103.15,1491.3
LUPIN,1wk,MacdNewLong,BUY,CLOSED,1668969000,1678041000,-8.07,721.05,662.85
PFC,1wk,MacdNewLong,BUY,CLOSED,1668969000,1673202600,25.87,99.88,125.72
VEDL,1wk,MacdNewLong,BUY,CLOSED,1668969000,1679250600,-8.34,310.4,284.5
GODREJCP,1wk,MacdNewLong,BUY,CLOSED,1669573800,1688322600,25.79,859.35,1081.0
HDFCAMC,1wk,MacdNewLong,BUY,CLOSED,1669573800,1675621800,-14.19,2162.95,1856.1
HEROMOTOCO,1wk,MacdNewLong,BUY,CLOSED,1669573800,1676831400,-6.37,2708.15,2535.55
PERSISTENT,1wk,MacdNewLong,BUY,CLOSED,1669573800,1685298600,28.16,1985.4,2544.48
SHREECEM,1wk,MacdNewLong,BUY,CLOSED,1669573800,1690137000,-0.5,23204.35,23088.75
SHRIRAMFIN,1wk,MacdNewLong,BUY,CLOSED,1669573800,1677436200,-4.82,256.03,243.69
UPL,1wk,MacdNewLong,BUY,CLOSED,1669573800,1673807400,-7.51,777.15,718.8
AUBANK,1wk,MacdNewLong,BUY,CLOSED,1670178600,1677436200,-7.76,648.35,598.05
COFORGE,1wk,MacdNewLong,BUY,CLOSED,1670178600,1693765800,28.66,4237.5,5451.9
GLENMARK,1wk,MacdNewLong,BUY,CLOSED,1670178600,1675621800,-11.3,434.95,385.8
HINDALCO,1wk,MacdNewLong,BUY,CLOSED,1670178600,1678645800,-12.03,461.1,405.65
INFY,1wk,MacdNewLong,BUY,CLOSED,1670178600,1672597800,-7.92,1637.9,1508.2
LTTS,1wk,MacdNewLong,BUY,CLOSED,1670178600,1673807400,-19.56,4287.35,3448.75
MANAPPURAM,1wk,MacdNewLong,BUY,CLOSED,1670178600,1693765800,27.14,119.4,151.8
PVRINOX,1wk,MacdNewLong,BUY,CLOSED,1670178600,1671993000,-14.13,1899.0,1630.65
ASIANPAINT,1wk,MacdNewLong,BUY,CLOSED,1670783400,1671388200,-5.3,3226.95,3055.9
INDIGO,1wk,MacdNewLong,BUY,CLOSED,1670783400,1680460200,-4.09,1992.05,1910.65
GUJGASLTD,1wk,MacdNewLong,BUY,CLOSED,1671388200,1671993000,-10.23,521.0,467.7
HDFCLIFE,1wk,MacdNewLong,BUY,CLOSED,1671388200,1676226600,-9.15,575.2,522.55
TATASTEEL,1wk,MacdNewLong,BUY,CLOSED,1671388200,1671993000,-7.92,111.05,102.25
IOC,1wk,MacdNewLong,BUY,CLOSED,1671993000,1687113000,26.23,73.0,92.15
BALRAMCHIN,1wk,MacdNewLong,BUY,CLOSED,1672597800,1677436200,-9.21,396.75,360.2
GAIL,1wk,MacdNewLong,BUY,CLOSED,1672597800,1693765800,26.34,96.05,121.35
ONGC,1wk,MacdNewLong,BUY,CLOSED,1672597800,1694370600,25.69,146.75,184.45
TATASTEEL,1wk,MacdNewLong,BUY,CLOSED,1672597800,1679855400,-9.37,112.65,102.1
BALKRISIND,1wk,MacdNewLong,BUY,CLOSED,1673202600,1679250600,-11.25,2211.4,1962.55
BPCL,1wk,MacdNewLong,BUY,CLOSED,1673202600,1678041000,-6.76,172.35,160.7
ICICIGI,1wk,MacdNewLong,BUY,CLOSED,1673202600,1674412200,-9.29,1271.7,1153.5
PETRONET,1wk,MacdNewLong,BUY,CLOSED,1673807400,1693161000,-0.93,221.05,219.0
SAIL,1wk,MacdNewLong,BUY,CLOSED,1673807400,1682274600,-8.16,88.85,81.6
HINDPETRO,1wk,MacdNewLong,BUY,CLOSED,1674412200,1675621800,-7.44,163.93,151.73
TCS,1wk,MacdNewLong,BUY,CLOSED,1674412200,1679855400,-7.21,3363.1,3120.5
UPL,1wk,MacdNewLong,BUY,CLOSED,1675017000,1675621800,-3.89,744.7,715.7
CHOLAFIN,1wk,MacdNewLong,BUY,CLOSED,1675621800,1683484200,26.97,781.15,991.85
MARUTI,1wk,MacdNewLong,BUY,CLOSED,1675621800,1679250600,-6.99,8942.3,8316.85
BAJAJ-AUTO,1wk,MacdNewLong,BUY,CLOSED,1676226600,1688927400,26.16,3831.65,4834.0
CANFINHOME,1wk,MacdNewLong,BUY,CLOSED,1676226600,1680460200,-11.41,597.35,529.2
INFY,1wk,MacdNewLong,BUY,CLOSED,1676226600,1678645800,-8.52,1608.55,1471.55
GLENMARK,1wk,MacdNewLong,BUY,CLOSED,1676831400,1682879400,29.25,435.95,563.45
INDIAMART,1wk,MacdNewLong,BUY,CLOSED,1676831400,1690137000,31.36,2398.73,3151.0
TATAMOTORS,1wk,MacdNewLong,BUY,CLOSED,1676831400,1680460200,-4.34,439.9,420.8
UPL,1wk,MacdNewLong,BUY,CLOSED,1676831400,1678041000,-7.81,770.15,710.0
ALKEM,1wk,MacdNewLong,BUY,CLOSED,1677436200,1699813800,30.6,3297.35,4306.25
VOLTAS,1wk,SuperTrendLong,BUY,CLOSED,1677436200,1679855400,-8.21,895.2,821.7
MOTHERSON,1wk,MacdNewLong,BUY,CLOSED,1678041000,1679250600,-15.3,80.05,67.8
NATIONALUM,1wk,MacdNewLong,BUY,CLOSED,1678041000,1702837800,34.18,82.5,110.7
BALRAMCHIN,1wk,MacdNewLong,BUY,CLOSED,1678645800,1705257000,-2.07,399.35,391.1
OFSS,1wk,MacdNewLong,BUY,CLOSED,1678645800,1693765800,27.58,3242.2,4136.25
POWERGRID,1wk,MacdNewLong,BUY,CLOSED,1678645800,1702233000,34.54,169.91,228.6
RAMCOCEM,1wk,MacdNewLong,BUY,CLOSED,1678645800,1685903400,25.41,729.55,914.95
BPCL,1wk,MacdNewLong,BUY,CLOSED,1679250600,1696789800,-1.2,175.7,173.6
GUJGASLTD,1wk,MacdNewLong,BUY,CLOSED,1679250600,1679855400,-3.94,502.2,482.4
TECHM,1wk,MacdNewLong,BUY,CLOSED,1679250600,1682274600,-11.39,1127.15,998.75
LTIM,1wk,MacdNewLong,BUY,CLOSED,1680460200,1682274600,-12.37,4759.65,4170.85
NAVINFLUOR,1wk,MacdNewLong,BUY,CLOSED,1680460200,1696185000,-11.8,4270.6,3766.7
TRENT,1wk,MacdNewLong,BUY,CLOSED,1680460200,1687717800,25.46,1374.95,1724.95
CANFINHOME,1wk,MacdNewLong,BUY,CLOSED,1681065000,1685903400,27.99,567.15,725.9
ICICIBANK,1wk,MacdNewLong,BUY,CLOSED,1681065000,1713119400,26.22,875.0,1104.4
SYNGENE,1wk,MacdNewLong,BUY,CLOSED,1681065000,1688322600,26.53,604.65,765.05
TATAMOTORS,1wk,MacdNewLong,BUY,CLOSED,1681065000,1686508200,28.48,437.65,562.3
AUROPHARMA,1wk,MacdNewLong,BUY,CLOSED,1681669800,1688322600,28.52,565.95,727.35
COALINDIA,1wk,MacdNewLong,BUY,CLOSED,1681669800,1694370600,25.1,225.5,282.1
DLF,1wk,MacdNewLong,BUY,CLOSED,1681669800,1694370600,30.7,413.15,540.0
Nifty Financial Services,1wk,MacdNewLong,BUY,CLOSED,1681669800,1720377000,25.39,18854.3,23641.75
JSWSTEEL,1wk,MacdNewLong,BUY,CLOSED,1681669800,1716748200,26.09,720.65,908.65
NESTLEIND,1wk,MacdNewLong,BUY,CLOSED,1681669800,1700418600,25.21,1946.54,2437.3
SRF,1wk,MacdNewLong,BUY,CLOSED,1681669800,1688927400,-8.86,2439.25,2223.2
TITAN,1wk,MacdNewLong,BUY,CLOSED,1681669800,1694975400,25.64,2585.65,3248.6
TORNTPHARM,1wk,MacdNewLong,BUY,CLOSED,1681669800,1690741800,26.16,1577.55,1990.3
BEL,1wk,MacdNewLong,BUY,CLOSED,1682274600,1690741800,26.61,102.8,130.15
INDIGO,1wk,MacdNewLong,BUY,CLOSED,1682274600,1688322600,32.16,1987.65,2626.9
SHRIRAMFIN,1wk,MacdNewLong,BUY,CLOSED,1682274600,1688322600,27.7,271.77,347.04
AUBANK,1wk,MacdNewLong,BUY,CLOSED,1682879400,1699209000,0.81,663.85,669.25
GRASIM,1wk,MacdNewLong,BUY,CLOSED,1682879400,1707676200,26.55,1713.49,2168.5
HINDPETRO,1wk,MacdNewLong,BUY,CLOSED,1682879400,1698604200,-3.06,167.5,162.37
KOTAKBANK,1wk,MacdNewLong,BUY,CLOSED,1682879400,1692556200,-9.66,1938.05,1750.8
MRF,1wk,MacdNewLong,BUY,CLOSED,1682879400,1691346600,25.04,89006.8,111296.5
Nifty 50,1wk,MacdNewLong,BUY,CLOSED,1682879400,1716748200,27.08,18065.0,22957.1
OBEROIRLTY,1wk,MacdNewLong,BUY,CLOSED,1682879400,1694370600,28.9,915.1,1179.6
APOLLOHOSP,1wk,MacdNewLong,BUY,CLOSED,1683484200,1704652200,25.02,4602.5,5754.25
BHARTIARTL,1wk,MacdNewLong,BUY,CLOSED,1683484200,1701628200,28.88,787.3,1014.7
COLPAL,1wk,MacdNewLong,BUY,CLOSED,1683484200,1690741800,30.74,1567.45,2049.3
COROMANDEL,1wk,MacdNewLong,BUY,CLOSED,1683484200,1702233000,27.44,961.05,1224.75
HAVELLS,1wk,MacdNewLong,BUY,CLOSED,1683484200,1714329000,27.55,1285.8,1640.05
IEX,1wk,MacdNewLong,BUY,CLOSED,1683484200,1686508200,-22.53,158.25,122.6
MARUTI,1wk,MacdNewLong,BUY,CLOSED,1683484200,1708281000,27.17,8948.65,11380.4
PIIND,1wk,MacdNewLong,BUY,CLOSED,1683484200,1698604200,-3.71,3443.2,3315.3
BALKRISIND,1wk,MacdNewLong,BUY,CLOSED,1684089000,1708885800,6.35,2194.2,2333.5
BERGEPAINT,1wk,MacdNewLong,BUY,CLOSED,1684089000,1695580200,26.75,528.04,669.3
EICHERMOT,1wk,MacdNewLong,BUY,CLOSED,1684089000,1714329000,26.88,3626.35,4601.0
ESCORTS,1wk,MacdNewLong,BUY,CLOSED,1684089000,1692556200,38.23,2062.6,2851.1
GODREJPROP,1wk,MacdNewLong,BUY,CLOSED,1684089000,1690741800,30.91,1338.3,1751.95
INDUSINDBK,1wk,MacdNewLong,BUY,CLOSED,1684089000,1702837800,29.96,1208.65,1570.8
LUPIN,1wk,MacdNewLong,BUY,CLOSED,1684089000,1690741800,25.9,773.6,974.0
SBIN,1wk,MacdNewLong,BUY,CLOSED,1684089000,1701023400,-3.08,578.15,560.35
ASHOKLEY,1wk,MacdNewLong,BUY,CLOSED,1684693800,1710700200,4.62,154.7,161.85
ASTRAL,1wk,MacdNewLong,BUY,CLOSED,1684693800,1708885800,25.65,1652.15,2075.9
HINDUNILVR,1wk,MacdNewLong,BUY,CLOSED,1684693800,1693765800,-5.17,2641.45,2504.8
LTTS,1wk,MacdNewLong,BUY,CLOSED,1684693800,1701628200,25.14,3837.35,4801.9
MARICO,1wk,MacdNewLong,BUY,CLOSED,1684693800,1701023400,-0.4,525.75,523.65
SBICARD,1wk,MacdNewLong,BUY,CLOSED,1684693800,1696185000,-11.27,891.55,791.1
ASIANPAINT,1wk,MacdNewLong,BUY,CLOSED,1685298600,1698604200,-5.54,3128.4,2955.15
BAJFINANCE,1wk,MacdNewLong,BUY,CLOSED,1685298600,1707676200,-3.62,6904.5,6654.5
BSOFT,1wk,MacdNewLong,BUY,CLOSED,1685298600,1691346600,29.25,339.5,438.8
HDFCLIFE,1wk,MacdNewLong,BUY,CLOSED,1685298600,1707071400,0.28,577.2,578.8
LTIM,1wk,MacdNewLong,BUY,CLOSED,1685298600,1704047400,25.87,5001.1,6294.95
M&M,1wk,MacdNewLong,BUY,CLOSED,1685298600,1695580200,25.38,1281.85,1607.15
MOTHERSON,1wk,MacdNewLong,BUY,CLOSED,1685298600,1704047400,26.25,80.75,101.95
MUTHOOTFIN,1wk,MacdNewLong,BUY,CLOSED,1685298600,1701628200,30.88,1108.5,1450.75
NAUKRI,1wk,MacdNewLong,BUY,CLOSED,1685298600,1705257000,26.46,4197.75,5308.3
PIDILITIND,1wk,MacdNewLong,BUY,CLOSED,1685298600,1696185000,-5.67,2586.15,2439.5
TATACONSUM,1wk,MacdNewLong,BUY,CLOSED,1685298600,1703442600,25.72,789.7,992.8
WIPRO,1wk,SuperTrendLong,BUY,CLOSED,1685298600,1687113000,-5.08,200.85,190.65
BANDHANBNK,1wk,MacdNewLong,BUY,CLOSED,1685903400,1689532200,-16.5,265.4,221.6
DEEPAKNTR,1wk,MacdNewLong,BUY,CLOSED,1685903400,1720377000,28.81,2086.65,2687.8
DIVISLAB,1wk,MacdNewLong,BUY,CLOSED,1685903400,1710700200,-0.75,3511.6,3485.4
HEROMOTOCO,1wk,MacdNewLong,BUY,CLOSED,1685903400,1701628200,29.98,2892.65,3760.0
TECHM,1wk,MacdNewLong,BUY,CLOSED,1685903400,1719772200,27.36,1123.1,1430.35
RELIANCE,1wk,MacdNewLong,BUY,CLOSED,1686508200,1698604200,-1.09,1145.42,1132.9
SUNPHARMA,1wk,MacdNewLong,BUY,CLOSED,1686508200,1701628200,25.13,983.95,1231.25
TATAPOWER,1wk,SuperTrendLong,BUY,CLOSED,1686508200,1693161000,11.03,221.2,245.6
DIXON,1wk,MacdNewLong,BUY,CLOSED,1687113000,1701628200,30.9,4546.6,5951.65
HINDCOPPER,1wk,MacdNewLong,BUY,CLOSED,1687113000,1691346600,33.68,115.2,154.0
ICICIGI,1wk,MacdNewLong,BUY,CLOSED,1687113000,1707676200,30.58,1254.75,1638.4
ICICIPRULI,1wk,MacdNewLong,BUY,CLOSED,1687113000,1705861800,-7.41,534.2,494.6
MCX,1wk,MacdNewLong,BUY,CLOSED,1687113000,1696185000,27.98,1601.55,2049.7
SBILIFE,1wk,MacdNewLong,BUY,CLOSED,1687113000,1721586600,28.59,1281.35,1647.7
TATAPOWER,1wk,MacdNewLong,BUY,CLOSED,1687113000,1702233000,45.58,222.25,323.55
BAJAJFINSV,1wk,MacdNewLong,BUY,CLOSED,1687717800,1717353000,1.77,1501.95,1528.6
DABUR,1wk,MacdNewLong,BUY,CLOSED,1687717800,1697999400,-6.84,563.35,524.8
LICHSGFIN,1wk,MacdNewLong,BUY,CLOSED,1687717800,1701628200,26.45,389.65,492.7
TATASTEEL,1wk,MacdNewLong,BUY,CLOSED,1687717800,1704047400,27.37,109.6,139.6
ADANIPORTS,1wk,MacdNewLong,BUY,CLOSED,1688322600,1702233000,38.38,739.25,1022.95
BATAINDIA,1wk,MacdNewLong,BUY,CLOSED,1688322600,1699209000,-5.92,1675.5,1576.35
BHARATFORG,1wk,MacdNewLong,BUY,CLOSED,1688322600,1693765800,28.92,836.8,1078.8
GNFC,1wk,MacdNewLong,BUY,CLOSED,1688322600,1691951400,-9.15,599.15,544.3
HDFCAMC,1wk,MacdNewLong,BUY,CLOSED,1688322600,1697999400,25.41,2295.65,2879.0
MFSL,1wk,MacdNewLong,BUY,CLOSED,1688322600,1701628200,25.83,810.85,1020.3
PEL,1wk,MacdNewLong,BUY,CLOSED,1688322600,1704047400,-1.16,942.3,931.4
SAIL,1wk,MacdNewLong,BUY,CLOSED,1688322600,1702837800,30.35,85.5,111.45
CONCOR,1wk,MacdNewLong,BUY,CLOSED,1688927400,1702233000,25.73,670.65,843.2
FEDERALBNK,1wk,MacdNewLong,BUY,CLOSED,1688927400,1718562600,29.04,135.15,174.4
LALPATHLAB,1wk,MacdNewLong,BUY,CLOSED,1688927400,1710095400,-7.65,2359.6,2179.05
METROPOLIS,1wk,MacdNewLong,BUY,CLOSED,1688927400,1713119400,26.71,1453.25,1841.45
BIOCON,1wk,MacdNewLong,BUY,CLOSED,1689532200,1698604200,-15.06,262.2,222.7
CIPLA,1wk,MacdNewLong,BUY,CLOSED,1689532200,1705257000,26.88,1030.9,1308.0
TCS,1wk,MacdNewLong,BUY,CLOSED,1689532200,1724005800,25.65,3514.65,4416.05
HINDALCO,1wk,MacdNewLong,BUY,CLOSED,1690137000,1702837800,28.25,434.5,557.25
MPHASIS,1wk,MacdNewLong,BUY,CLOSED,1690137000,1714329000,-1.41,2330.85,2298.1
SUNTV,1wk,MacdNewLong,BUY,CLOSED,1690137000,1700418600,28.04,526.75,674.45
WIPRO,1wk,MacdNewLong,BUY,CLOSED,1690137000,1699209000,-5.23,202.35,191.77
AMBUJACEM,1wk,MacdNewLong,BUY,CLOSED,1690741800,1699209000,-7.45,454.8,420.9
GRANULES,1wk,MacdNewLong,BUY,CLOSED,1690741800,1704047400,26.19,321.3,405.45
TATACHEM,1wk,MacdNewLong,BUY,CLOSED,1690741800,1699209000,-8.8,1051.05,958.6
UBL,1wk,SuperTrendLong,BUY,CLOSED,1690741800,1702233000,9.82,1570.4,1724.65
INDUSTOWER,1wk,MacdNewLong,BUY,CLOSED,1691346600,1704652200,28.41,173.0,222.15
IPCALAB,1wk,MacdNewLong,BUY,CLOSED,1691346600,1701628200,26.58,908.3,1149.7
UBL,1wk,MacdNewLong,BUY,CLOSED,1691346600,1714329000,29.47,1580.0,2045.55
ADANIENT,1wk,MacdNewLong,BUY,CLOSED,1691951400,1699209000,-12.19,2539.5,2229.85
IRCTC,1wk,MacdNewLong,BUY,CLOSED,1691951400,1703442600,29.95,662.5,860.9
JUBLFOOD,1wk,MacdNewLong,BUY,CLOSED,1691951400,1708281000,-0.43,498.15,496.0
LAURUSLABS,1wk,MacdNewLong,BUY,CLOSED,1691951400,1726425000,30.21,388.25,505.55
NMDC,1wk,MacdNewLong,BUY,CLOSED,1691951400,1694370600,25.18,37.92,47.47
PVRINOX,1wk,MacdNewLong,BUY,CLOSED,1693161000,1705861800,-11.79,1725.75,1522.35
ACC,1wk,MacdNewLong,BUY,CLOSED,1693765800,1699813800,-9.25,2011.25,1825.3
GNFC,1wk,MacdNewLong,BUY,CLOSED,1693765800,1711305000,0.16,623.4,624.4
INFY,1wk,MacdNewLong,BUY,CLOSED,1694370600,1714329000,-2.68,1469.6,1430.25
PETRONET,1wk,MacdNewLong,BUY,CLOSED,1694370600,1699209000,-21.64,250.2,196.05
SHREECEM,1wk,MacdNewLong,BUY,CLOSED,1694370600,1710700200,-3.48,25973.1,25070.45
VOLTAS,1wk,MacdNewLong,BUY,CLOSED,1694370600,1712514600,36.17,904.95,1232.3
BANDHANBNK,1wk,MacdNewLong,BUY,CLOSED,1694975400,1698604200,-14.02,249.35,214.4
CROMPTON,1wk,MacdNewLong,BUY,CLOSED,1694975400,1697999400,-6.97,307.0,285.6
HDFCBANK,1wk,MacdNewLong,BUY,CLOSED,1694975400,1695580200,-7.95,1661.75,1529.65
PAGEIND,1wk,MacdNewLong,BUY,CLOSED,1694975400,1696185000,-4.01,40605.15,38978.65
CHAMBLFERT,1wk,MacdNewLong,BUY,CLOSED,1699209000,1703442600,25.41,286.9,359.8
BPCL,1wk,MacdNewLong,BUY,CLOSED,1699813800,1705861800,25.24,192.02,240.48
CUB,1wk,MacdNewLong,BUY,CLOSED,1699813800,1710095400,-3.87,142.25,136.75
HINDPETRO,1wk,MacdNewLong,BUY,CLOSED,1699813800,1702233000,26.02,199.7,251.67
PIIND,1wk,MacdNewLong,BUY,CLOSED,1699813800,1705257000,-6.4,3687.35,3451.3
AUBANK,1wk,MacdNewLong,BUY,CLOSED,1700418600,1707676200,-17.3,730.2,603.9
BRITANNIA,1wk,MacdNewLong,BUY,CLOSED,1700418600,1713724200,-1.06,4718.3,4668.3
AARTIIND,1wk,MacdNewLong,BUY,CLOSED,1701628200,1708281000,25.66,553.3,695.25
IEX,1wk,MacdNewLong,BUY,CLOSED,1701628200,1711909800,-5.85,142.7,134.35
RELIANCE,1wk,MacdNewLong,BUY,CLOSED,1701628200,1719772200,30.76,1197.15,1565.4
SIEMENS,1wk,MacdNewLong,BUY,CLOSED,1701628200,1709490600,25.25,3753.1,4700.75
SRF,1wk,MacdNewLong,BUY,CLOSED,1701628200,1717353000,-8.34,2412.5,2211.35
ABFRL,1wk,MacdNewLong,BUY,CLOSED,1702233000,1711305000,-12.22,233.95,205.35
ACC,1wk,MacdNewLong,BUY,CLOSED,1702233000,1708281000,27.25,2137.8,2720.4
ADANIENT,1wk,MacdNewLong,BUY,CLOSED,1702233000,1727029800,6.6,2822.15,3008.5
AMBUJACEM,1wk,MacdNewLong,BUY,CLOSED,1702233000,1712514600,26.87,494.35,627.2
SBIN,1wk,MacdNewLong,BUY,CLOSED,1702233000,1709490600,25.24,614.15,769.15
WIPRO,1wk,MacdNewLong,BUY,CLOSED,1702233000,1708281000,28.49,211.3,271.5
ASIANPAINT,1wk,MacdNewLong,BUY,CLOSED,1702837800,1707071400,-11.39,3313.9,2936.3
BATAINDIA,1wk,MacdNewLong,BUY,CLOSED,1702837800,1705257000,-4.29,1646.65,1576.0
PIDILITIND,1wk,MacdNewLong,BUY,CLOSED,1702837800,1727634600,26.87,2651.05,3363.45
VEDL,1wk,SuperTrendLong,BUY,CLOSED,1702837800,1710095400,9.97,257.2,282.85
HDFCBANK,1wk,MacdNewLong,BUY,CLOSED,1703442600,1706466600,-14.12,1670.85,1434.9
BANDHANBNK,1wk,MacdNewLong,BUY,CLOSED,1704047400,1706466600,-8.47,241.4,220.95
CROMPTON,1wk,MacdNewLong,BUY,CLOSED,1704047400,1709490600,-4.87,310.9,295.75
HINDUNILVR,1wk,MacdNewLong,BUY,CLOSED,1704047400,1706466600,-8.85,2663.95,2428.3
KOTAKBANK,1wk,MacdNewLong,BUY,CLOSED,1704047400,1707676200,-8.68,1908.1,1742.45
TATACHEM,1wk,MacdNewLong,BUY,CLOSED,1704047400,1708281000,-11.95,1104.1,972.15
BIOCON,1wk,MacdNewLong,BUY,CLOSED,1704652200,1720377000,27.09,291.3,370.2
GUJGASLTD,1wk,MacdNewLong,BUY,CLOSED,1704652200,1720377000,27.16,506.75,644.4
VEDL,1wk,MacdNewLong,BUY,CLOSED,1705257000,1713119400,36.84,272.55,372.95
PETRONET,1wk,MacdNewLong,BUY,CLOSED,1705861800,1713119400,25.36,243.65,305.45
ABCAPITAL,1wk,MacdNewLong,BUY,CLOSED,1707676200,1718562600,27.71,187.9,239.96
M&MFIN,1wk,MacdNewLong,BUY,CLOSED,1707676200,1710700200,-9.42,288.85,261.65
SYNGENE,1wk,MacdNewLong,BUY,CLOSED,1708281000,1709490600,-7.74,764.7,705.55
PIIND,1wk,MacdNewLong,BUY,CLOSED,1709490600,1725820200,25.41,3678.45,4613.25
POLYCAB,1wk,MacdNewLong,BUY,CLOSED,1709490600,1715538600,28.04,4807.45,6155.65
ICICIPRULI,1wk,MacdNewLong,BUY,CLOSED,1710095400,1723401000,26.67,583.6,739.25
TATACHEM,1wk,MacdNewLong,BUY,CLOSED,1710095400,1724005800,-20.75,1315.25,1042.35
CHOLAFIN,1wk,MacdNewLong,BUY,CLOSED,1712514600,1726425000,29.31,1217.65,1574.5
CUB,1wk,MacdNewLong,BUY,OPEN,1712514600,1736707182,4.72,157.75,165.2
IEX,1wk,MacdNewLong,BUY,CLOSED,1712514600,1720377000,26.74,145.45,184.35
IGL,1wk,MacdNewLong,BUY,CLOSED,1712514600,1730658600,-8.35,460.1,421.7
M&MFIN,1wk,MacdNewLong,BUY,CLOSED,1712514600,1714329000,-13.35,298.5,258.65
ASHOKLEY,1wk,MacdNewLong,BUY,CLOSED,1713119400,1713724200,-5.05,178.35,169.35
COROMANDEL,1wk,MacdNewLong,BUY,CLOSED,1713119400,1718562600,30.61,1155.2,1508.8
ESCORTS,1wk,MacdNewLong,BUY,CLOSED,1713119400,1716143400,29.74,3023.95,3923.3
GNFC,1wk,MacdNewLong,BUY,CLOSED,1713119400,1716748200,-6.09,699.0,656.4
ABFRL,1wk,MacdNewLong,BUY,CLOSED,1713724200,1716748200,25.26,231.55,290.05
DIVISLAB,1wk,MacdNewLong,BUY,CLOSED,1713724200,1719772200,25.19,3671.7,4596.45
ASHOKLEY,1wk,MacdNewLong,BUY,CLOSED,1714329000,1717957800,25.11,185.0,231.45
SUNTV,1wk,MacdNewLong,BUY,CLOSED,1714329000,1722796200,34.32,664.45,892.5
CROMPTON,1wk,MacdNewLong,BUY,CLOSED,1714933800,1718562600,31.06,325.45,426.55
BRITANNIA,1wk,MacdNewLong,BUY,CLOSED,1715538600,1732473000,-4.31,5066.8,4848.35
BALKRISIND,1wk,MacdNewLong,BUY,CLOSED,1716143400,1732473000,-1.09,2797.75,2767.3
MARICO,1wk,MacdNewLong,BUY,OPEN,1716143400,1736707189,13.29,594.55,673.55
LALPATHLAB,1wk,MacdNewLong,BUY,CLOSED,1716748200,1724005800,25.69,2626.2,3300.75
DABUR,1wk,MacdNewLong,BUY,CLOSED,1717957800,1730658600,-11.51,613.1,542.55
BALRAMCHIN,1wk,MacdNewLong,BUY,CLOSED,1718562600,1724610600,31.19,430.2,564.4
CANFINHOME,1wk,MacdNewLong,BUY,CLOSED,1718562600,1734287400,-3.81,834.9,803.1
HDFCBANK,1wk,MacdNewLong,BUY,OPEN,1718562600,1736707185,3.76,1596.9,1657.0
UPL,1wk,SuperTrendLong,BUY,CLOSED,1718562600,1725215400,8.46,551.7,598.35
GNFC,1wk,MacdNewLong,BUY,CLOSED,1719167400,1724005800,-9.12,715.85,650.6
JUBLFOOD,1wk,MacdNewLong,BUY,CLOSED,1719167400,1727029800,27.44,551.95,703.4
M&MFIN,1wk,MacdNewLong,BUY,CLOSED,1719167400,1730658600,-10.67,306.05,273.4
PAGEIND,1wk,MacdNewLong,BUY,OPEN,1719167400,1736707191,17.12,39808.4,46625.0
SHREECEM,1wk,MacdNewLong,BUY,CLOSED,1719167400,1724005800,-10.08,27403.8,24642.85
BAJFINANCE,1wk,MacdNewLong,BUY,CLOSED,1719772200,1721586600,-2.58,7115.55,6932.3
UPL,1wk,MacdNewLong,BUY,CLOSED,1719772200,1733077800,-4.53,570.85,545.0
BSOFT,1wk,MacdNewLong,BUY,CLOSED,1720377000,1723401000,-19.17,714.7,577.7
HCLTECH,1wk,MacdNewLong,BUY,CLOSED,1720377000,1733682600,26.54,1519.4,1922.7
HINDUNILVR,1wk,MacdNewLong,BUY,CLOSED,1720377000,1732473000,-3.99,2547.0,2445.25
INFY,1wk,MacdNewLong,BUY,OPEN,1720377000,1736707186,19.32,1647.45,1965.8
KOTAKBANK,1wk,MacdNewLong,BUY,CLOSED,1720377000,1731868200,-7.82,1852.7,1707.9
MPHASIS,1wk,MacdNewLong,BUY,OPEN,1720377000,1736707190,10.88,2628.9,2915.0
NAVINFLUOR,1wk,MacdNewLong,BUY,CLOSED,1720377000,1724610600,-10.19,3665.6,3292.2
ATUL,1wk,MacdNewLong,BUY,CLOSED,1720981800,1736706600,-2.3,6955.55,6795.85
INDIAMART,1wk,MacdNewLong,BUY,CLOSED,1720981800,1731263400,-15.6,2812.0,2373.45
ITC,1wk,MacdNewLong,BUY,CLOSED,1720981800,1736706600,-3.08,459.05,444.9
LTIM,1wk,MacdNewLong,BUY,OPEN,1720981800,1736707188,9.62,5572.65,6109.0
BATAINDIA,1wk,MacdNewLong,BUY,CLOSED,1721586600,1725820200,-7.71,1523.8,1406.25
COFORGE,1wk,MacdNewLong,BUY,CLOSED,1721586600,1730053800,29.35,5983.75,7739.85
PEL,1wk,MacdNewLong,BUY,CLOSED,1721586600,1733077800,27.56,929.0,1185.0
SYNGENE,1wk,MacdNewLong,BUY,CLOSED,1721586600,1733077800,25.42,750.1,940.8
HDFCLIFE,1wk,MacdNewLong,BUY,CLOSED,1722191400,1734892200,-11.31,703.35,623.8
LTTS,1wk,MacdNewLong,BUY,CLOSED,1722191400,1735497000,-10.01,5214.05,4692.3
SRF,1wk,MacdNewLong,BUY,CLOSED,1722796200,1728844200,-6.9,2522.8,2348.75
ASIANPAINT,1wk,MacdNewLong,BUY,CLOSED,1723401000,1731263400,-8.92,3040.6,2769.45
PVRINOX,1wk,MacdNewLong,BUY,CLOSED,1723401000,1734892200,-7.93,1501.2,1382.1
BERGEPAINT,1wk,MacdNewLong,BUY,CLOSED,1724610600,1731868200,-13.05,565.7,491.9
TATACHEM,1wk,MacdNewLong,BUY,CLOSED,1724610600,1725820200,-1.46,1072.3,1056.65
BAJAJFINSV,1wk,MacdNewLong,BUY,CLOSED,1725215400,1733682600,-8.29,1783.05,1635.2
AUBANK,1wk,MacdNewLong,BUY,CLOSED,1725820200,1731263400,-17.4,703.0,580.65
GNFC,1wk,MacdNewLong,BUY,CLOSED,1725820200,1726425000,-3.0,680.55,660.1
SBICARD,1wk,MacdNewLong,BUY,CLOSED,1725820200,1730658600,-13.22,800.65,694.8
TITAN,1wk,MacdNewLong,BUY,CLOSED,1725820200,1730658600,-10.87,3695.5,3293.7
BAJFINANCE,1wk,MacdNewLong,BUY,CLOSED,1726425000,1731868200,-13.81,7598.5,6549.15
BANDHANBNK,1wk,MacdNewLong,BUY,CLOSED,1727029800,1728239400,-11.04,210.04,186.86
ADANIENT,1wk,MacdNewLong,BUY,CLOSED,1727634600,1730053800,-13.96,3130.3,2693.45
CANBK,1wk,MacdNewLong,BUY,CLOSED,1727634600,1728239400,-4.85,113.1,107.62
TATASTEEL,1wk,MacdNewLong,BUY,CLOSED,1727634600,1730053800,-12.42,166.55,145.86
RAMCOCEM,1wk,MacdNewLong,BUY,OPEN,1728239400,1736707192,6.17,868.45,922.0
TATACHEM,1wk,MacdNewLong,BUY,CLOSED,1728239400,1735497000,-7.29,1128.65,1046.35
BANDHANBNK,1wk,MacdNewLong,BUY,CLOSED,1728844200,1729449000,-8.7,210.26,191.96
APOLLOTYRE,1wk,MacdNewLong,BUY,CLOSED,1733077800,1736707179,-8.56,509.65,466.0
HAL,1wk,MacdNewLong,BUY,CLOSED,1733077800,1735497000,-5.44,4476.85,4233.35
PFC,1wk,MacdNewLong,BUY,CLOSED,1733077800,1736101800,-6.16,495.3,464.8
JKCEMENT,1wk,MacdNewLong,BUY,OPEN,1733682600,1736707187,0.28,4596.65,4609.45
NAVINFLUOR,1wk,MacdNewLong,BUY,CLOSED,1733682600,1735497000,-6.84,3555.8,3312.65
RECLTD,1wk,MacdNewLong,BUY,CLOSED,1733682600,1735497000,-9.24,559.1,507.45
BANKBARODA,1wk,MacdNewLong,BUY,CLOSED,1734287400,1734892200,-6.74,257.99,240.59
DLF,1wk,MacdNewLong,BUY,CLOSED,1734287400,1736706600,-13.63,870.85,752.15
JINDALSTEL,1wk,MacdNewLong,BUY,CLOSED,1734287400,1734892200,-9.08,998.75,908.05
SHREECEM,1wk,MacdNewLong,BUY,OPEN,1734287400,1736707193,-7.36,27591.45,25559.4
UBL,1wk,MacdNewLong,BUY,OPEN,1734892200,1736707195,-0.02,2025.35,2025.0
DRREDDY,1wk,MacdNewLong,BUY,OPEN,1735497000,1736707183,-2.29,1389.45,1357.6
BAJFINANCE,1wk,MacdNewLong,BUY,OPEN,1736706600,1736707180,0.07,7288.05,7293.0
NAVINFLUOR,1wk,MacdNewLong,BUY,OPEN,1736706600,1736707190,-0.03,3630.95,3630.0
SRF,1wk,MacdNewLong,BUY,OPEN,1736707193,1736707193,0.0,2595.5,2595.5
